weight_quant_bits,activation_quant_bits,prune_ratio,group_size,quantized_acc,acc_drop,compression_ratio,weight_cr,activation_traffic_cr,activation_peak_cr,model_size_mb,avg_bits_per_weight,achieved_sparsity,metadata_fraction,runtime_s
2,4,0.0,0,9.69,85.93,43.9585,52.0766,8.0,8.0,0.1941,0.6145,0.0,0.28,5.9
2,4,0.0,64,9.45,86.17,28.5236,31.5426,8.0,8.0,0.29913,1.0145,0.0,0.2603,3.1
2,4,0.3,0,9.79,85.83,44.0169,52.1598,8.0,8.0,0.19384,0.6135,0.2894,0.2805,3.1
2,4,0.3,64,9.06,86.56,28.5896,31.6246,8.0,8.0,0.29844,1.0119,0.2894,0.2611,3.1
2,4,0.5,0,9.68,85.94,44.1694,52.3774,8.0,8.0,0.19317,0.611,0.4823,0.2814,3.1
2,4,0.5,64,9.39,86.23,29.3777,32.6072,8.0,8.0,0.29043,0.9814,0.4823,0.2686,3.1
2,6,0.0,0,10.41,85.21,43.9585,52.0766,5.3333,5.3333,0.1941,0.6145,0.0,0.28,3.1
2,6,0.0,64,9.46,86.16,28.5236,31.5426,5.3333,5.3333,0.29913,1.0145,0.0,0.2603,3.2
2,6,0.3,0,10.2,85.42,44.0169,52.1598,5.3333,5.3333,0.19384,0.6135,0.2894,0.2805,3.1
2,6,0.3,64,8.52,87.1,28.5896,31.6246,5.3333,5.3333,0.29844,1.0119,0.2894,0.2611,3.1
2,6,0.5,0,10.26,85.36,44.1694,52.3774,5.3333,5.3333,0.19317,0.611,0.4823,0.2814,3.1
2,6,0.5,64,8.42,87.2,29.3777,32.6072,5.3333,5.3333,0.29043,0.9814,0.4823,0.2686,3.1
2,8,0.0,0,10.43,85.19,43.9585,52.0766,4.0,4.0,0.1941,0.6145,0.0,0.28,3.0
2,8,0.0,64,9.56,86.06,28.5236,31.5426,4.0,4.0,0.29913,1.0145,0.0,0.2603,3.1
2,8,0.3,0,10.13,85.49,44.0169,52.1598,4.0,4.0,0.19384,0.6135,0.2894,0.2805,3.1
2,8,0.3,64,8.7,86.92,28.5896,31.6246,4.0,4.0,0.29844,1.0119,0.2894,0.2611,3.1
2,8,0.5,0,10.32,85.3,44.1694,52.3774,4.0,4.0,0.19317,0.611,0.4823,0.2814,3.0
2,8,0.5,64,8.63,86.99,29.3777,32.6072,4.0,4.0,0.29043,0.9814,0.4823,0.2686,3.1
3,4,0.0,0,45.91,49.71,15.7689,16.529,8.0,8.0,0.54108,1.936,0.0,0.0933,3.3
3,4,0.0,64,54.82,40.8,12.9648,13.4358,8.0,8.0,0.65811,2.3817,0.0,0.1147,3.4
3,4,0.3,0,47.79,47.83,15.9462,16.727,8.0,8.0,0.53507,1.9131,0.2894,0.0949,3.4
3,4,0.3,64,55.7,39.92,13.2405,13.7368,8.0,8.0,0.64441,2.3295,0.2894,0.1174,3.5
3,4,0.5,0,47.84,47.78,17.6746,18.672,8.0,8.0,0.48274,1.7138,0.4823,0.1059,3.3
3,4,0.5,64,48.66,46.96,14.9088,15.5727,8.0,8.0,0.5723,2.0549,0.4823,0.1326,3.4
3,6,0.0,0,73.72,21.9,15.7689,16.529,5.3333,5.3333,0.54108,1.936,0.0,0.0933,3.4
3,6,0.0,64,81.52,14.1,12.9648,13.4358,5.3333,5.3333,0.65811,2.3817,0.0,0.1147,3.4
3,6,0.3,0,75.25,20.37,15.9462,16.727,5.3333,5.3333,0.53507,1.9131,0.2894,0.0949,3.5
3,6,0.3,64,81.33,14.29,13.2405,13.7368,5.3333,5.3333,0.64441,2.3295,0.2894,0.1174,3.4
3,6,0.5,0,71.44,24.18,17.6746,18.672,5.3333,5.3333,0.48274,1.7138,0.4823,0.1059,3.3
3,6,0.5,64,77.69,17.93,14.9088,15.5727,5.3333,5.3333,0.5723,2.0549,0.4823,0.1326,3.4
3,8,0.0,0,73.02,22.6,15.7689,16.529,4.0,4.0,0.54108,1.936,0.0,0.0933,3.4
3,8,0.0,64,80.65,14.97,12.9648,13.4358,4.0,4.0,0.65811,2.3817,0.0,0.1147,3.4
3,8,0.3,0,74.85,20.77,15.9462,16.727,4.0,4.0,0.53507,1.9131,0.2894,0.0949,3.4
3,8,0.3,64,80.83,14.79,13.2405,13.7368,4.0,4.0,0.64441,2.3295,0.2894,0.1174,3.5
3,8,0.5,0,71.04,24.58,17.6746,18.672,4.0,4.0,0.48274,1.7138,0.4823,0.1059,3.3
3,8,0.5,64,77.13,18.49,14.9088,15.5727,4.0,4.0,0.5723,2.0549,0.4823,0.1326,3.4
4,4,0.0,0,63.72,31.9,10.2798,10.5389,8.0,8.0,0.83001,3.0364,0.0,0.0611,3.6
4,4,0.0,64,66.24,29.38,8.8999,9.0742,8.0,8.0,0.95869,3.5265,0.0,0.0792,3.7
4,4,0.3,0,63.73,31.89,10.6646,10.9503,8.0,8.0,0.80005,2.9223,0.2894,0.0636,3.6
4,4,0.3,64,65.65,29.97,9.395,9.5979,8.0,8.0,0.90817,3.3341,0.2894,0.0837,3.6
4,4,0.5,0,52.92,42.7,12.4757,12.9034,8.0,8.0,0.68391,2.48,0.4823,0.075,3.5
4,4,0.5,64,52.81,42.81,11.2511,11.5797,8.0,8.0,0.75835,2.7635,0.4823,0.1008,3.4
4,6,0.0,0,92.76,2.86,10.2798,10.5389,5.3333,5.3333,0.83001,3.0364,0.0,0.0611,3.6
4,6,0.0,64,93.2,2.42,8.8999,9.0742,5.3333,5.3333,0.95869,3.5265,0.0,0.0792,3.6
4,6,0.3,0,92.78,2.84,10.6646,10.9503,5.3333,5.3333,0.80005,2.9223,0.2894,0.0636,3.6
4,6,0.3,64,92.9,2.72,9.395,9.5979,5.3333,5.3333,0.90817,3.3341,0.2894,0.0837,3.7
4,6,0.5,0,88.4,7.22,12.4757,12.9034,5.3333,5.3333,0.68391,2.48,0.4823,0.075,3.4
4,6,0.5,64,88.93,6.69,11.2511,11.5797,5.3333,5.3333,0.75835,2.7635,0.4823,0.1008,3.4
4,8,0.0,0,93.37,2.25,10.2798,10.5389,4.0,4.0,0.83001,3.0364,0.0,0.0611,3.6
4,8,0.0,64,93.65,1.97,8.8999,9.0742,4.0,4.0,0.95869,3.5265,0.0,0.0792,3.7
4,8,0.3,0,93.07,2.55,10.6646,10.9503,4.0,4.0,0.80005,2.9223,0.2894,0.0636,3.5
4,8,0.3,64,93.5,2.12,9.395,9.5979,4.0,4.0,0.90817,3.3341,0.2894,0.0837,3.6
4,8,0.5,0,89.24,6.38,12.4757,12.9034,4.0,4.0,0.68391,2.48,0.4823,0.075,3.4
4,8,0.5,64,89.85,5.77,11.2511,11.5797,4.0,4.0,0.75835,2.7635,0.4823,0.1008,3.4
5,4,0.0,0,73.72,21.9,7.6807,7.7933,8.0,8.0,1.11087,4.1061,0.0,0.0467,3.7
5,4,0.0,64,73.83,21.79,6.8758,6.9545,8.0,8.0,1.24091,4.6013,0.0,0.0621,3.8
5,4,0.3,0,72.86,22.76,8.3584,8.5037,8.0,8.0,1.02081,3.7631,0.2894,0.0509,3.6
5,4,0.3,64,72.63,22.99,7.6241,7.7342,8.0,8.0,1.11911,4.1375,0.2894,0.0689,3.7
5,4,0.5,0,62.23,33.39,10.2056,10.4597,8.0,8.0,0.83604,3.0594,0.4823,0.0626,3.5
5,4,0.5,64,61.9,33.72,9.4392,9.6447,8.0,8.0,0.90392,3.3179,0.4823,0.0858,3.5
5,6,0.0,0,94.86,0.76,7.6807,7.7933,5.3333,5.3333,1.11087,4.1061,0.0,0.0467,3.7
5,6,0.0,64,94.89,0.73,6.8758,6.9545,5.3333,5.3333,1.24091,4.6013,0.0,0.0621,3.8
5,6,0.3,0,94.74,0.88,8.3584,8.5037,5.3333,5.3333,1.02081,3.7631,0.2894,0.0509,3.7
5,6,0.3,64,94.89,0.73,7.6241,7.7342,5.3333,5.3333,1.11911,4.1375,0.2894,0.0689,3.7
5,6,0.5,0,91.61,4.01,10.2056,10.4597,5.3333,5.3333,0.83604,3.0594,0.4823,0.0626,3.6
5,6,0.5,64,91.66,3.96,9.4392,9.6447,5.3333,5.3333,0.90392,3.3179,0.4823,0.0858,3.5
5,8,0.0,0,95.19,0.43,7.6807,7.7933,4.0,4.0,1.11087,4.1061,0.0,0.0467,3.7
5,8,0.0,64,95.29,0.33,6.8758,6.9545,4.0,4.0,1.24091,4.6013,0.0,0.0621,3.8
5,8,0.3,0,95.32,0.3,8.3584,8.5037,4.0,4.0,1.02081,3.7631,0.2894,0.0509,3.7
5,8,0.3,64,95.19,0.43,7.6241,7.7342,4.0,4.0,1.11911,4.1375,0.2894,0.0689,3.7
5,8,0.5,0,92.23,3.39,10.2056,10.4597,4.0,4.0,0.83604,3.0594,0.4823,0.0626,3.5
5,8,0.5,64,92.58,3.04,9.4392,9.6447,4.0,4.0,0.90392,3.3179,0.4823,0.0858,3.5
6,4,0.0,0,71.76,23.86,6.1646,6.2177,8.0,8.0,1.38407,5.1466,0.0,0.0389,3.9
6,4,0.0,64,72.4,23.22,5.6392,5.676,8.0,8.0,1.51303,5.6377,0.0,0.0523,3.9
6,4,0.3,0,71.66,23.96,7.0079,7.0918,8.0,8.0,1.21752,4.5122,0.2894,0.0443,3.7
6,4,0.3,64,72.24,23.38,6.5058,6.5707,8.0,8.0,1.31148,4.8701,0.2894,0.0603,3.8
6,4,0.5,0,60.72,34.9,8.7367,8.902,8.0,8.0,0.9766,3.5947,0.4823,0.0556,3.6
6,4,0.5,64,60.98,34.64,8.1822,8.3187,8.0,8.0,1.04279,3.8468,0.4823,0.0763,3.6
6,6,0.0,0,95.0,0.62,6.1646,6.2177,5.3333,5.3333,1.38407,5.1466,0.0,0.0389,3.9
6,6,0.0,64,95.25,0.37,5.6392,5.676,5.3333,5.3333,1.51303,5.6377,0.0,0.0523,3.9
6,6,0.3,0,94.99,0.63,7.0079,7.0918,5.3333,5.3333,1.21752,4.5122,0.2894,0.0443,3.8
6,6,0.3,64,95.11,0.51,6.5058,6.5707,5.3333,5.3333,1.31148,4.8701,0.2894,0.0603,3.8
6,6,0.5,0,91.96,3.66,8.7367,8.902,5.3333,5.3333,0.9766,3.5947,0.4823,0.0556,3.6
6,6,0.5,64,92.02,3.6,8.1822,8.3187,5.3333,5.3333,1.04279,3.8468,0.4823,0.0763,3.7
6,8,0.0,0,95.53,0.09,6.1646,6.2177,4.0,4.0,1.38407,5.1466,0.0,0.0389,3.9
6,8,0.0,64,95.51,0.11,5.6392,5.676,4.0,4.0,1.51303,5.6377,0.0,0.0523,4.0
6,8,0.3,0,95.41,0.21,7.0079,7.0918,4.0,4.0,1.21752,4.5122,0.2894,0.0443,3.8
6,8,0.3,64,95.46,0.16,6.5058,6.5707,4.0,4.0,1.31148,4.8701,0.2894,0.0603,3.8
6,8,0.5,0,92.77,2.85,8.7367,8.902,4.0,4.0,0.9766,3.5947,0.4823,0.0556,3.6
6,8,0.5,64,92.7,2.92,8.1822,8.3187,4.0,4.0,1.04279,3.8468,0.4823,0.0763,3.7
8,4,0.0,0,73.13,22.49,4.4322,4.4401,8.0,8.0,1.92506,7.207,0.0,0.0317,4.2
8,4,0.0,64,72.8,22.82,4.1637,4.1668,8.0,8.0,2.0492,7.6798,0.0,0.0419,4.2
8,4,0.3,0,73.21,22.41,5.3232,5.3514,8.0,8.0,1.60284,5.9798,0.2894,0.0385,4.0
8,4,0.3,64,72.69,22.93,5.0389,5.0599,8.0,8.0,1.69327,6.3242,0.2894,0.0511,3.9
8,4,0.5,0,62.04,33.58,6.7708,6.8454,8.0,8.0,1.26016,4.6747,0.4823,0.0506,3.7
8,4,0.5,64,62.75,32.87,6.4501,6.513,8.0,8.0,1.32281,4.9132,0.4823,0.067,3.7
8,6,0.0,0,95.34,0.28,4.4322,4.4401,5.3333,5.3333,1.92506,7.207,0.0,0.0317,4.1
8,6,0.0,64,95.31,0.31,4.1637,4.1668,5.3333,5.3333,2.0492,7.6798,0.0,0.0419,4.2
8,6,0.3,0,95.26,0.36,5.3232,5.3514,5.3333,5.3333,1.60284,5.9798,0.2894,0.0385,3.9
8,6,0.3,64,95.19,0.43,5.0389,5.0599,5.3333,5.3333,1.69327,6.3242,0.2894,0.0511,3.9
8,6,0.5,0,92.17,3.45,6.7708,6.8454,5.3333,5.3333,1.26016,4.6747,0.4823,0.0506,3.7
8,6,0.5,64,92.3,3.32,6.4501,6.513,5.3333,5.3333,1.32281,4.9132,0.4823,0.067,3.7
8,8,0.0,0,95.5,0.12,4.4322,4.4401,4.0,4.0,1.92506,7.207,0.0,0.0317,4.2
8,8,0.0,64,95.52,0.1,4.1637,4.1668,4.0,4.0,2.0492,7.6798,0.0,0.0419,4.2
8,8,0.3,0,95.5,0.12,5.3232,5.3514,4.0,4.0,1.60284,5.9798,0.2894,0.0385,3.9
8,8,0.3,64,95.58,0.04,5.0389,5.0599,4.0,4.0,1.69327,6.3242,0.2894,0.0511,3.9
8,8,0.5,0,92.74,2.88,6.7708,6.8454,4.0,4.0,1.26016,4.6747,0.4823,0.0506,3.7
8,8,0.5,64,92.73,2.89,6.4501,6.513,4.0,4.0,1.32281,4.9132,0.4823,0.067,3.7
